{"00_DIPNet": {"valid_runtime": [21.936128616333008, 16.88025665283203, 19.186687469482422, 14.952927589416504, 18.722911834716797, 16.73414421081543, 14.212800025939941, 16.751455307006836, 16.770368576049805, 18.719615936279297, 16.77097511291504, 18.70297622680664, 18.00227165222168, 16.758943557739258, 16.75542449951172, 16.817184448242188, 19.227584838867188, 19.871200561523438, 17.70697593688965, 16.756799697875977, 16.740800857543945, 24.688064575195312, 15.906944274902344, 18.166048049926758, 17.30556869506836, 18.746431350708008, 18.66374397277832, 16.772319793701172, 16.80099105834961, 10.704511642456055, 16.732864379882812, 16.74166488647461, 18.964799880981445, 16.798303604125977, 20.08448028564453, 18.65407943725586, 16.713407516479492, 16.68364715576172, 16.721023559570312, 16.683584213256836, 16.787647247314453, 16.716543197631836, 16.71446418762207, 17.093055725097656, 16.731584548950195, 16.80886459350586, 17.076576232910156, 18.63692855834961, 16.701536178588867, 16.756128311157227, 16.591840744018555, 14.310400009155273, 16.784448623657227, 13.303359985351562, 25.789247512817383, 16.73209571838379, 17.4836483001709, 16.739519119262695, 16.70675277709961, 18.65158462524414, 16.7096004486084, 16.704288482666016, 18.664608001708984, 16.69660758972168, 18.681535720825195, 17.063488006591797, 17.063264846801758, 16.74857521057129, 17.0631046295166, 19.24883270263672, 16.83830451965332, 16.695711135864258, 16.679040908813477, 16.704479217529297, 18.642303466796875, 16.781856536865234, 14.35587215423584, 21.291776657104492, 22.783552169799805, 17.085376739501953, 15.589792251586914, 16.705055236816406, 17.037952423095703, 16.736127853393555, 16.693471908569336, 16.708864212036133, 16.683168411254883, 16.69820785522461, 16.698400497436523, 16.785343170166016, 20.783199310302734, 15.892160415649414, 16.711584091186523, 17.10428810119629, 15.877280235290527, 16.70195198059082, 16.78009605407715, 16.747135162353516, 16.745759963989258, 14.338815689086914], "valid_psnr": [29.64139171754507, 35.1531247418523, 39.95020059282865, 27.624146673969122, 28.5220212681074, 28.53317002146138, 20.312150450207614, 26.813936956833523, 32.14399744686617, 26.746565249052967, 29.047676487123894, 28.266986855801342, 31.304048221348573, 28.497406781904804, 34.01057052875614, 31.615035107513442, 32.0895933112311, 28.92257744729519, 28.00338105632118, 25.07309520191616, 31.97513681157575, 30.535233717225022, 26.00928796429764, 28.424372521257105, 27.38776046387242, 24.276843257250228, 33.56905635124461, 25.903358798353526, 26.592484845446712, 24.75997044922193, 30.722493894439463, 30.686710107254576, 34.112448541910034, 25.41381156192388, 22.88188856420806, 26.142514309961165, 26.189484487139538, 37.685910529705865, 29.063010200894873, 28.372511644687826, 28.15155809903104, 29.975502236343623, 41.12276798835986, 43.464060837774326, 25.684270905725768, 27.43931351357182, 27.855782412956227, 27.22233854996245, 22.406624390859275, 29.082076899295053, 28.422302656989412, 30.018552188847806, 34.15927356212848, 24.94668321157772, 29.369787026237255, 24.400654891079917, 34.89819641989004, 28.498274909225426, 25.546820479149538, 20.620350255738124, 23.26764041948401, 33.1104681567946, 33.16200919474342, 29.909790416433893, 27.28014851493187, 25.169335419635736, 28.450975452798055, 32.72075540716814, 23.83293340586544, 28.57475909268476, 32.03434783903452, 24.03765064503062, 24.078704990373115, 30.101699697615434, 24.37048578913608, 22.222211472282282, 40.07617155439984, 32.07186977874488, 27.666415787258686, 32.20091609256456, 26.282815897049176, 34.12164049079801, 26.374308490565646, 26.04983407236044, 23.169546458334665, 36.32925838163162, 25.36331070806646, 30.516346840025843, 30.762203226505118, 25.27728534257311, 27.054444844158564, 30.60225633288351, 33.17620262087188, 31.755622223164384, 20.447836685809083, 38.86431999326798, 22.21337245420772, 34.37323766607289, 31.93991589640865, 28.330835246156827], "valid_memory": 495.90576171875, "valid_ave_runtime": 17.311479721069336, "valid_ave_psnr": 29.0360443957244, "activations": 72.967296, "num_conv": 39, "flops": 14.901086208, "num_parameters": 0.243252}}